{
    "_comment":"Group22_MT19124_MT19079_Komal_Kumari",
    "ID1": {
        "ID": "ID1",
        "Profiling Technique": "Affymetrix Array",
        "Dataset ID": "GSE17967",
        "No of Samples": "63",
        "Type of Samples": "HCV cirrhotic tissues with (N=16) and without (N=47) HCC.",
        "Pubmed ID": "19861515"
    },
    "ID2": {
        "ID": "ID2",
        "Profiling Technique": "Affymetrix Array",
        "Dataset ID": "GSE19665",
        "No of Samples": "20",
        "Type of Samples": "10 pairs of  HCC and non tumor",
        "Pubmed ID": "20345479"
    },
    "ID3": {
        "ID": "ID3",
        "Profiling Technique": "Affymetrix Array",
        "Dataset ID": "GSE22405",
        "No of Samples": "48",
        "Type of Samples": "HCC and non-tumor",
        "Pubmed ID": "NA"
    },
    "ID4": {
        "ID": "ID4",
        "Profiling Technique": "Affymetrix Array",
        "Dataset ID": "GSE25097",
        "No of Samples": "557",
        "Type of Samples": "268 HCC tumor, 243 adjacent non-tumor, 40 cirrhotic and 6 healthy normal liver samples.",
        "Pubmed ID": "21955977"
    },
    "ID5": {
        "ID": "ID5",
        "Profiling Technique": "Affymetrix Array",
        "Dataset ID": "GSE29721",
        "No of Samples": "20",
        "Type of Samples": "HCC and normal",
        "Pubmed ID": "21747116"
    }
}